[{
        "id": 1,
        "title": "AC1200 Mbps Dual Band USB 3.0 Adaptör Kablosuz Wifi Alıcı",
        "image": "https://www.toptanal.com/cdn/2/700/700/images/urunler/5fcf8ef55d813-50062.jpg",
        "Ürün Kodu": "X3BQ1RITNE",
        "Barkod": "6242005969881",

        "Stok": "20+",

        "price": 99.00,
        "category": [
            "Bilgisayar & Tablet",
            "Kablolar"
        ]


    },
    {
        "id": 2,
        "title": "Egonex Gece Görüşlü Bebek Kamerası",
        "image": "https://www.toptanal.com/cdn/2/700/700/images/urunler/5fcf874e83294-50053.jpg",
        "Ürün Kodu": "X3BQ1RITNE",
        "Barkod": "6242005969881",
        "Stok": "20+",
        "price": 431.54,
        "category": [

            "Görüntü Sistemleri"
        ]


    },
    {
        "id": 3,
        "title": "Egonex Gece Görüşlü Oda Sıcaklık Sensörlü Bebek Video Kamerası",
        "image": "https://www.toptanal.com/cdn/2/700/700/images/urunler/5fcf8514f21b0-50049.jpg",
        "Ürün Kodu": "X3BQ1RITNE",
        "Barkod": "6242005969881",
        "Stok": "20+",

        "price": 549.23,
        "category": [
            "Bilgisayar & Tablet",
            "Görüntü Aktarıcıları"
        ]


    },
    {
        "id": 4,
        "title": "Meier M-115BT USB-SD-FM-Bluetooth Destekli Nostaljik Radyo",
        "image": "https://www.toptanal.com/cdn/2/700/700/images/urunler/5fcf7e2db28e5-50047.jpg",
        "Ürün Kodu": "QV1IJXMSPD",
        "Barkod": "6242005526190",
        "Stok": "20+",

        "price": 169.00,
        "category": [
            "Bilgisayar & Tablet",
            "Kablolar"
        ]


    },
    {
        "id": 5,
        "title": "Egonex Profesyonel Boyun Bel Sırt Ayak Omuz Karın Bacak Masaj Aleti",
        "image": "https://www.toptanal.com/cdn/2/700/700/images/urunler/5fce4dd18bcd0-50042.jpg",
        "Ürün Kodu": "C54QYPVT8U",
        "Barkod": "6242005147661",
        "Stok": "20+",

        "price": 169.00,
        "category": [
            "Bilgisayar & Tablet",
            "Elektronik"
        ]


    },
    {
        "id": 6,
        "title": "Dearling RF-259 Profesyonel Saç Sakal Tıraş Makinesi",
        "image": "https://www.toptanal.com/cdn/2/700/700/images/urunler/5fca31ec28407-50037.jpg",
        "Ürün Kodu": "5964BI0UCB",
        "Barkod": "6242005321429",
        "Stok": "20+",

        "price": 130.00,
        "category": [
            "Bilgisayar & Tablet",
            "Küçük Ev Aletleri"
        ]


    },
    {
        "id": 7,
        "title": "Sony Xperia Z3 Z3 COMPACT Manyetik Dock Stand Şarj Ünitesi",
        "image": "https://www.toptanal.com/cdn/2/700/700/images/urunler/5fc8b019d223f-50014.jpg",
        "Ürün Kodu": "CHDWXE0BRH",
        "Barkod": "6242005267338",
        "Stok": "20+",

        "price": 63.00,
        "category": [
            "Bilgisayar & Tablet",
            "Mobil & Mobil Aksesuar"
        ]


    },
    {
        "id": 8,
        "title": "Çiçekli Tulumlu Peluş Ayıcık 80 Cm Siyah",
        "image": "https://www.toptanal.com/cdn/2/700/700/images/urunler/5fc50531b2e65-49983.jpg",
        "Ürün Kodu": "X3BQ1RITNE",
        "Barkod": "6242005969881",
        "Stok": "20+",

        "price": 115.00,
        "category": [
            "Bilgisayar & Tablet",
            "Hobi"
        ]


    },
    {
        "id": 9,
        "title": "Egonex Mutfak Tartısı 5 Kg",
        "image": "https://www.toptanal.com/cdn/2/700/700/images/urunler/5fce007c666e2-50036.jpg",
        "Ürün Kodu": "0384434",
        "Barkod": "6242005969881",
        "Stok": "20+",

        "price": 79.00,
        "category": [
            "Bilgisayar & Tablet",
            "Kablolar"
        ]


    },
    {
        "id": 10,
        "title": "Xiaomi Mi Wifi Pro Sinyal Yakınlaştırıcı - Güçlendirici 300 Mbps",
        "image": "https://www.toptanal.com/cdn/2/700/700/images/urunler/5fc11cac4929c-49962.jpg",
        "Ürün Kodu": "X3BQ1RITNE",
        "Barkod": "6242005969881",
        "Stok": "20+",

        "price": 140.00,
        "category": [
            "Bilgisayar & Tablet",
            "Kablolar"
        ]


    },
    {
        "id": 11,
        "title": "Mi Band 4 Bilezik Bileklik Akıllı spor bilezik Bileklik Su Geçirmez Darı 4 Yarı Saydam Kayış 6 renk",
        "image": "https://www.toptanal.com/cdn/2/700/700/images/urunler/5fc1194013b74-49961.jpg",
        "Ürün Kodu": "X3BQ1RITNE",
        "Barkod": "6242005969881",
        "Stok": "20+",

        "price": 15.00,
        "category": [
            "Bilgisayar & Tablet",
            "Akıllı Saat & Bileklikler"
        ]


    }


]